cell_line,chrid,ibp,jbp,fq,fdr,rawc
Calu3,chr8,127200000,127275000,0.149177350290178,0.0063755478127361,10.70999
Calu3,chr8,127200000,127290000,0.146418006141761,0.0001439511370927,10.665852
Calu3,chr8,127200000,127295000,0.218008041325385,0,12.812329
Calu3,chr8,127200000,127300000,0.140236929297165,0.0000192866300984258,10.3687
Calu3,chr8,127200000,127405000,0.0626433311327438,0.0019764101141055,7.3462095
Calu3,chr8,127200000,127465000,0.0437200095975379,0.0180288708311334,6.3053637
Calu3,chr8,127200000,127510000,0.038044479029151,0.0269127817266987,5.922651
Calu3,chr8,127200000,127665000,0.0507044077179903,0.0000945072552904242,6.681967
Calu3,chr8,127200000,127670000,0.0357979776104837,0.00592739933115,5.7022767
Calu3,chr8,127200000,127690000,0.0498412460375008,0.000068067453979709,6.6130686
Calu3,chr8,127200000,127700000,0.0303552747808578,0.0224428156189514,5.2249093
Calu3,chr8,127200000,127715000,0.0321158297954677,0.0118298625331365,5.3616867
Calu3,chr8,127200000,127720000,0.0380367762124599,0.0019560762249114,5.8152714
Calu3,chr8,127200000,127730000,0.0628446843623517,0,7.2605076
Calu3,chr8,127200000,127735000,0.130508593643063,0,9.924443
Calu3,chr8,127205000,127285000,0.137812231661187,0.007330512896274,10.248317
Calu3,chr8,127205000,127290000,0.284672443573631,0,14.706392
Calu3,chr8,127205000,127295000,0.539044426807079,0,19.397982
Calu3,chr8,127205000,127300000,0.136790251782399,0.0001521316112646,10.203898
Calu3,chr8,127205000,127305000,0.1377891831192,0.0000372364759857431,10.242205
Calu3,chr8,127205000,127330000,0.0991760609352956,0.0006575338149879,8.944411
Calu3,chr8,127205000,127400000,0.180152058893928,0,11.739063
Calu3,chr8,127205000,127485000,0.0494691037933416,0.0029893329420341,6.6571875
Calu3,chr8,127205000,127495000,0.0429944203215989,0.011175788459675,6.249223
Calu3,chr8,127205000,127655000,0.0454526631232728,0.0004636465145284,6.3832583
Calu3,chr8,127205000,127660000,0.0528381779129357,0.0000583032078042241,6.8092613
Calu3,chr8,127205000,127665000,0.0355646907908427,0.0068190393451781,5.690564
Calu3,chr8,127205000,127675000,0.0569479818953892,0,7.019912
Calu3,chr8,127205000,127680000,0.0283968529093833,0.0455334364439431,5.07684
Calu3,chr8,127205000,127705000,0.0521830576368849,0,6.741121
Calu3,chr8,127205000,127715000,0.0275727850803999,0.044665044248238,4.9607816
Calu3,chr8,127205000,127720000,0.0388192837962107,0.0015958115900836,5.869582
Calu3,chr8,127205000,127730000,0.219021350515755,0,12.8245535
Calu3,chr8,127205000,127735000,0.211726482573004,0,12.342537
Calu3,chr8,127205000,127740000,0.0588446456367633,0,7.0616293
Calu3,chr8,127210000,127275000,0.208878578932669,0.0000624794276274082,12.268299
Calu3,chr8,127210000,127280000,0.220042044106717,0,12.941204
Calu3,chr8,127210000,127285000,0.216731610010252,0,12.694516
Calu3,chr8,127210000,127290000,0.539932452658896,0,19.590513
Calu3,chr8,127210000,127295000,0.998351646015279,0,32.745213
Calu3,chr8,127210000,127300000,0.262812011421752,0,13.331304
Calu3,chr8,127210000,127305000,0.157154514273452,0.000019285189281936,10.822244
Calu3,chr8,127210000,127310000,0.122950512319835,0.0006674966636176,9.8484535
Calu3,chr8,127210000,127340000,0.215171617661404,0,12.590099
Calu3,chr8,127210000,127370000,0.135053141270297,0,10.146443
Calu3,chr8,127210000,127375000,0.143482450783599,0,10.538072
Calu3,chr8,127210000,127390000,0.063893101734128,0.0061564933241179,7.4199677
Calu3,chr8,127210000,127395000,0.11365970291465,0,9.471144
Calu3,chr8,127210000,127400000,0.20882223473205,0,12.264983
Calu3,chr8,127210000,127405000,0.0550217246413352,0.0174656045171775,6.9642105
Calu3,chr8,127210000,127495000,0.0899679263519686,0,8.559614
Calu3,chr8,127210000,127500000,0.0548915033273361,0.0005578574188485,6.943729
Calu3,chr8,127210000,127505000,0.0878766867720935,0,8.460854
Calu3,chr8,127210000,127510000,0.0588821005776423,0.0001584743289575,7.1459513
Calu3,chr8,127210000,127585000,0.0590820001647762,0.0000297234403436877,7.136225
Calu3,chr8,127210000,127665000,0.120000621434398,0,9.699715
Calu3,chr8,127210000,127670000,0.0628670355697596,0,7.3100634
Calu3,chr8,127210000,127675000,0.0349923923940815,0.0082089400210461,5.6409364
Calu3,chr8,127210000,127680000,0.0966050062475759,0,8.808135
Calu3,chr8,127210000,127695000,0.028362810057418,0.0431501419788445,5.0651436
Calu3,chr8,127210000,127705000,0.0340796675129263,0.0078877427263697,5.540022
Calu3,chr8,127210000,127720000,0.0678910271458768,0,7.503642
Calu3,chr8,127210000,127725000,0.0423393164366009,0.0005450201590933,6.1108937
Calu3,chr8,127210000,127730000,0.178098289137851,0,11.643682
Calu3,chr8,127210000,127735000,0.140319563092384,0,10.290412
Calu3,chr8,127210000,127740000,0.0524170827655354,0.0000106972978984605,6.7286077
Calu3,chr8,127215000,127250000,0.53211973707257,0,18.254068
Calu3,chr8,127215000,127260000,0.379948305586981,0,16.430893
Calu3,chr8,127215000,127265000,0.544661780645694,0,20.497374
Calu3,chr8,127215000,127270000,0.527544906951005,0,17.945889
Calu3,chr8,127215000,127275000,0.537305718644461,0,19.03097
Calu3,chr8,127215000,127280000,0.384753056286691,0,16.988102
Calu3,chr8,127215000,127285000,0.380513003316252,0,16.541016
Calu3,chr8,127215000,127290000,0.999999999999942,0,52.64594
Calu3,chr8,127215000,127295000,0.999999999999942,0,62.374813
Calu3,chr8,127215000,127300000,0.783947410202543,0,23.167126
Calu3,chr8,127215000,127305000,0.369977807279377,0,15.582643
Calu3,chr8,127215000,127310000,0.2748114347747,0,13.977931
Calu3,chr8,127215000,127335000,0.0974201216749759,0.0021764644055118,8.883593
Calu3,chr8,127215000,127340000,0.17675492677002,0,11.653796
Calu3,chr8,127215000,127350000,0.0802624673523829,0.0076399228716633,8.166816
Calu3,chr8,127215000,127365000,0.090400975654984,0.0001215810743353,8.595186
Calu3,chr8,127215000,127370000,0.169244447280726,0,11.270245
Calu3,chr8,127215000,127390000,0.115617479344999,0,9.529569
Calu3,chr8,127215000,127395000,0.143128044245202,0,10.52015
Calu3,chr8,127215000,127400000,0.537597209352992,0,19.106031
Calu3,chr8,127215000,127475000,0.0424094136751688,0.0277144681133801,6.2144756
Calu3,chr8,127215000,127485000,0.0441180457336963,0.0146269982081336,6.330215
Calu3,chr8,127215000,127490000,0.0394330898509771,0.0370191663867966,6.029559
Calu3,chr8,127215000,127495000,0.162029676519022,0,10.933811
Calu3,chr8,127215000,127500000,0.0828309750258808,0,8.263719
Calu3,chr8,127215000,127505000,0.093754381478365,0,8.726679
Calu3,chr8,127215000,127510000,0.0927259603790739,0,8.681557
Calu3,chr8,127215000,127560000,0.0427864557369988,0.0045009739723874,6.223768
Calu3,chr8,127215000,127565000,0.0384785712403028,0.0128339469308456,5.9390316
Calu3,chr8,127215000,127585000,0.0909587507524362,0,8.5871725
Calu3,chr8,127215000,127650000,0.0321961758902343,0.0216004690275017,5.441683
Calu3,chr8,127215000,127660000,0.0701226744273391,0,7.6661863
Calu3,chr8,127215000,127665000,0.267504893849772,0,13.467547
Calu3,chr8,127215000,127670000,0.0860206900442077,0,8.358528
Calu3,chr8,127215000,127680000,0.0711114575930822,0,7.72398
Calu3,chr8,127215000,127685000,0.0283403090460025,0.0470019078190115,5.080342
Calu3,chr8,127215000,127710000,0.0307345631858249,0.0209630883968443,5.267648
Calu3,chr8,127215000,127715000,0.0495878191385174,0.0000403074443437091,6.5868278
Calu3,chr8,127215000,127720000,0.0489965337892427,0.0000498304579851126,6.548718
Calu3,chr8,127215000,127725000,0.0924838352003929,0,8.61519
Calu3,chr8,127215000,127730000,0.533889216038547,0,18.50802
Calu3,chr8,127215000,127735000,0.551555318723642,0,21.22744
Calu3,chr8,127215000,127740000,0.160739172190551,0,10.837091
Calu3,chr8,127220000,127250000,0.784581456783722,0,23.567177
Calu3,chr8,127220000,127260000,0.781720810296553,0,22.324516
Calu3,chr8,127220000,127265000,0.99808822241774,0,29.036936
Calu3,chr8,127220000,127270000,0.784648257585544,0,23.588018
Calu3,chr8,127220000,127275000,0.776539469222305,0,21.688515
Calu3,chr8,127220000,127280000,0.547326925631894,0,20.836098
Calu3,chr8,127220000,127285000,0.99790976412377,0,28.217289
Calu3,chr8,127220000,127290000,0.999999999999942,0,58.61219
Calu3,chr8,127220000,127295000,0.999999999999942,0,61.313942
Calu3,chr8,127220000,127300000,0.788129292827488,0,25.654978
Calu3,chr8,127220000,127305000,0.383532022067733,0,16.813063
Calu3,chr8,127220000,127330000,0.176324526068524,0,11.627492
Calu3,chr8,127220000,127340000,0.106377424645061,0.0003760470655609,9.246328
Calu3,chr8,127220000,127355000,0.131343929664525,0,10.017776
Calu3,chr8,127220000,127365000,0.0807212713264922,0.0024013815988853,8.187741
Calu3,chr8,127220000,127370000,0.161515729825187,0,10.912959
Calu3,chr8,127220000,127385000,0.0594567592894904,0.0350900369379772,7.1787133
Calu3,chr8,127220000,127395000,0.208747702458507,0,12.261701
Calu3,chr8,127220000,127400000,0.285432527705383,0,14.77882
Calu3,chr8,127220000,127490000,0.0899742147887602,0,8.563004
Calu3,chr8,127220000,127495000,0.085750128767838,0,8.377689
Calu3,chr8,127220000,127500000,0.0841497481595224,0,8.321814
Calu3,chr8,127220000,127505000,0.0828239072512313,0,8.26225
Calu3,chr8,127220000,127510000,0.177120638416251,0,11.656787
Calu3,chr8,127220000,127580000,0.0342491489088827,0.0319529980624643,5.627729
Calu3,chr8,127220000,127585000,0.0888700311460882,0,8.499721
Calu3,chr8,127220000,127600000,0.0335558301024442,0.0286010721469146,5.5675406
Calu3,chr8,127220000,127655000,0.0330783514753048,0.0168908159508424,5.5168433
Calu3,chr8,127220000,127660000,0.0436918574050605,0.0006962876111292,6.2595253
Calu3,chr8,127220000,127665000,0.176937660299543,0,11.624765
Calu3,chr8,127220000,127670000,0.0397805895185369,0.0021719178825753,6.01235
Calu3,chr8,127220000,127680000,0.0294129347250129,0.0379388903926738,5.1855206
Calu3,chr8,127220000,127695000,0.0296326581495796,0.0328193972949959,5.1935606
Calu3,chr8,127220000,127725000,0.0571279396209288,0.0000207595919180516,7.010712
Calu3,chr8,127220000,127730000,0.267932444256704,0,13.473351
Calu3,chr8,127220000,127735000,0.545175245552345,0,20.554493
Calu3,chr8,127220000,127740000,0.0892102390514224,0,8.467198
Calu3,chr8,127225000,127245000,0.998253817140845,0,31.0547
Calu3,chr8,127225000,127250000,0.998381104152726,0,33.215874
Calu3,chr8,127225000,127255000,0.78120589503159,0,22.223602
Calu3,chr8,127225000,127260000,0.789258204744159,0,26.203047
Calu3,chr8,127225000,127265000,0.998093629101036,0,29.089352
Calu3,chr8,127225000,127270000,0.543863103953895,0,20.343678
Calu3,chr8,127225000,127275000,0.345966263681706,0,14.987406
Calu3,chr8,127225000,127280000,0.522945296149678,0,17.713772
Calu3,chr8,127225000,127285000,0.788796121952065,0,25.946226
Calu3,chr8,127225000,127290000,0.998710915312173,0,39.45966
Calu3,chr8,127225000,127295000,0.998621065595255,0,38.41493
Calu3,chr8,127225000,127300000,0.776744063913492,0,21.710304
Calu3,chr8,127225000,127310000,0.215495387295933,0,12.599375
Calu3,chr8,127225000,127340000,0.103021859290714,0.0015717234092772,9.123449
Calu3,chr8,127225000,127365000,0.0711830601970985,0.0242324124359882,7.779711
Calu3,chr8,127225000,127400000,0.121617533496551,0,9.803134
Calu3,chr8,127225000,127500000,0.0412083759874458,0.024471069096597,6.149968
Calu3,chr8,127225000,127505000,0.0585571097326077,0.0002064295344486,7.136824
Calu3,chr8,127225000,127660000,0.0439014325318995,0.0006050613852969,6.2780075
Calu3,chr8,127225000,127665000,0.135342711548828,0,10.124999
Calu3,chr8,127225000,127680000,0.0423196064212902,0.0010462379198423,6.15888
Calu3,chr8,127225000,127685000,0.039424629730496,0.0022191699596229,5.969775
Calu3,chr8,127225000,127725000,0.0440707716573816,0.0002913325390521,6.2450047
Calu3,chr8,127225000,127730000,0.108609824996643,0,9.245828
Calu3,chr8,127225000,127735000,0.0689566705093805,0,7.551667
Calu3,chr8,127225000,127740000,0.0359461495219402,0.0037173169825343,5.6614666
Calu3,chr8,127225000,127745000,0.0371965758994809,0.0024482697663068,5.749371
Calu3,chr8,127230000,127250000,0.998529582143892,0,36.955723
Calu3,chr8,127230000,127255000,0.997880917161597,0,28.21278
Calu3,chr8,127230000,127260000,0.53722165902221,0.0007754603256472,19.008383
Calu3,chr8,127230000,127265000,0.780288420142751,0,22.081152
Calu3,chr8,127230000,127270000,0.527907782415674,0,17.947037
Calu3,chr8,127230000,127275000,0.519474064244913,0,17.599472
Calu3,chr8,127230000,127280000,0.373830142455032,0,15.873577
Calu3,chr8,127230000,127285000,0.518390858223012,0,17.567274
Calu3,chr8,127230000,127290000,0.375145559390423,0,15.987412
Calu3,chr8,127230000,127295000,0.2090919327315,0.0000624794276274082,12.272644
Calu3,chr8,127230000,127390000,0.0845284018016272,0.0002647618921583,8.3428335
Calu3,chr8,127230000,127540000,0.0436794628811315,0.0067492108637631,6.296552
Calu3,chr8,127230000,127585000,0.043040979978899,0.0032637932694142,6.2407336
Calu3,chr8,127230000,127670000,0.03068937515936,0.0305955931092792,5.3183446
Calu3,chr8,127230000,127720000,0.0404242318129771,0.0012796307351185,6.026368
Calu3,chr8,127235000,127265000,0.784733510427904,0,23.728529
Calu3,chr8,127235000,127275000,0.356385697372965,0.0006801505888752,15.092818
Calu3,chr8,127235000,127280000,0.384850380614513,0,16.988913
Calu3,chr8,127235000,127285000,0.383239865250512,0,16.797031
Calu3,chr8,127235000,127290000,0.530287682436263,0,18.117262
Calu3,chr8,127235000,127295000,0.387183285569735,0,17.201517
Calu3,chr8,127235000,127400000,0.115564972949859,0,9.529038
Calu3,chr8,127235000,127430000,0.0533877559396126,0.0241393001548666,6.885396
Calu3,chr8,127235000,127435000,0.0501233453142594,0.0382388703063478,6.710624
Calu3,chr8,127235000,127725000,0.0399968306435537,0.0013815482272961,5.989455
Calu3,chr8,127240000,127260000,0.998027561949566,0,28.654844
Calu3,chr8,127240000,127265000,0.786158385452881,0,24.417421
Calu3,chr8,127240000,127270000,0.522864103028113,0.0033598038370894,17.708649
Calu3,chr8,127240000,127280000,0.542367466385488,0,20.013489
Calu3,chr8,127240000,127285000,0.784135302743043,0,23.292469
Calu3,chr8,127240000,127290000,0.540130013913421,0,19.631178
Calu3,chr8,127240000,127355000,0.199643996676849,0,11.923254
Calu3,chr8,127240000,127375000,0.101348225058151,0.0000801454783707526,9.03424
Calu3,chr8,127240000,127495000,0.0492801096930677,0.0063535795521771,6.6474714
Calu3,chr8,127240000,127655000,0.0312557188605895,0.0352260882406398,5.3723454
Calu3,chr8,127240000,127670000,0.0357670433359913,0.0085220740803294,5.724766
Calu3,chr8,127240000,127735000,0.030190120945534,0.0243446468841615,5.21902
Calu3,chr8,127245000,127265000,0.998628292308271,0,38.581158
Calu3,chr8,127245000,127270000,0.78256504992954,0,22.62354
Calu3,chr8,127245000,127275000,0.776569307321662,0,21.691618
Calu3,chr8,127245000,127280000,0.526411748410995,0,17.873672
Calu3,chr8,127245000,127285000,0.376682835839907,0.0000100342858747813,16.133696
Calu3,chr8,127245000,127290000,0.543142569737859,0,20.162073
Calu3,chr8,127245000,127650000,0.0367125916463103,0.008909811399443,5.805506
Calu3,chr8,127250000,127270000,0.998335236120999,0,32.429222
Calu3,chr8,127250000,127275000,0.997835058926212,0,28.102116
Calu3,chr8,127250000,127280000,0.786111043075469,0,24.396349
Calu3,chr8,127250000,127285000,0.786569414971839,0,24.711332
Calu3,chr8,127250000,127290000,0.787474973095004,0,25.320938
Calu3,chr8,127250000,127515000,0.0625937877762648,0.0001407246864853,7.333096
Calu3,chr8,127250000,127560000,0.0498785292642662,0.0013331200586928,6.6786933
Calu3,chr8,127250000,127600000,0.036114932044481,0.023035575658916,5.7730613
Calu3,chr8,127250000,127665000,0.0626115511460453,0,7.3053837
Calu3,chr8,127255000,127285000,0.527238426838249,0.0022232572364785,17.930794
Calu3,chr8,127255000,127690000,0.0293298206233408,0.0460587354566404,5.198818
Calu3,chr8,127260000,127280000,0.997837731575702,0,28.10983
Calu3,chr8,127260000,127290000,0.536663566298919,0.0008007661019882,18.936161
Calu3,chr8,127260000,127435000,0.0705737098826745,0.0020199932461702,7.735968
Calu3,chr8,127260000,127580000,0.0379202321845109,0.0226350691213468,5.91206
Calu3,chr8,127260000,127730000,0.0353240181312071,0.0067584564046587,5.661627
Calu3,chr8,127265000,127285000,0.99840673565753,0,33.921528
Calu3,chr8,127265000,127290000,0.998446958199986,0,35.070675
Calu3,chr8,127265000,127295000,0.782587161954717,0,22.633133
Calu3,chr8,127265000,127665000,0.0376520923982036,0.0073219668707192,5.8701563
Calu3,chr8,127265000,127720000,0.0324293329299026,0.0171126883111216,5.449342
Calu3,chr8,127265000,127735000,0.0361650479155386,0.005391892332316,5.7294283
Calu3,chr8,127270000,127290000,0.998345556586053,0,32.628258
Calu3,chr8,127270000,127430000,0.0828925294560756,0.0003787114365344,8.2724
Calu3,chr8,127270000,127660000,0.0423559562666879,0.0022644413117861,6.1783276
Calu3,chr8,127270000,127730000,0.0438475828315724,0.0006575338149879,6.2581534
Calu3,chr8,127275000,127400000,0.114903802724421,0.0000462778298231614,9.50008
Calu3,chr8,127275000,127630000,0.0334321668377542,0.0420765421111379,5.564886
Calu3,chr8,127280000,127400000,0.0886079281044016,0.0093668173623756,8.512917
Calu3,chr8,127280000,127475000,0.064598437556817,0.0022143028689867,7.4508843
Calu3,chr8,127280000,127515000,0.0449355421037267,0.0311037793359298,6.397994
Calu3,chr8,127280000,127665000,0.031924227186849,0.0399372848172265,5.438989
Calu3,chr8,127280000,127730000,0.0331522187969126,0.0141692057660611,5.5159163
Calu3,chr8,127280000,127735000,0.0450102124775212,0.0005382298575982,6.3472366
Calu3,chr8,127285000,127565000,0.047338935681516,0.0050785223890865,6.5324407
Calu3,chr8,127285000,127585000,0.0364168572115633,0.0466964585837811,5.8124156
Calu3,chr8,127285000,127635000,0.0451290546552229,0.0022337094439762,6.3911924
Calu3,chr8,127285000,127660000,0.0322707728526551,0.041632258362491,5.469514
Calu3,chr8,127285000,127690000,0.0506800096973021,0.0001195141788959,6.7019167
Calu3,chr8,127285000,127730000,0.0453479140527683,0.0003770153064829,6.37698
Calu3,chr8,127285000,127735000,0.060616600000458,0.0000105192702034807,7.1841283
Calu3,chr8,127290000,127365000,0.137833946706788,0.0272357912495559,10.252184
Calu3,chr8,127290000,127370000,0.179116524994032,0.0000100409938910671,11.725051
Calu3,chr8,127290000,127395000,0.219135056342997,0,12.896809
Calu3,chr8,127290000,127400000,0.277877862983086,0,14.191393
Calu3,chr8,127290000,127405000,0.146470403283778,0,10.668522
Calu3,chr8,127290000,127470000,0.0709914597038929,0.0013331200586928,7.7642474
Calu3,chr8,127290000,127495000,0.0712587524356227,0.0002433782407287,7.7829223
Calu3,chr8,127290000,127505000,0.124236417574799,0,9.875231
Calu3,chr8,127290000,127510000,0.104283517758937,0,9.181297
Calu3,chr8,127290000,127530000,0.0469108174472251,0.0171583001370449,6.512386
Calu3,chr8,127290000,127550000,0.0467002402650606,0.0102029109466515,6.495895
Calu3,chr8,127290000,127585000,0.0605761504597577,0.0000997317647378713,7.209656
Calu3,chr8,127290000,127660000,0.0698954918463928,0,7.669236
Calu3,chr8,127290000,127665000,0.204690798191272,0,12.051588
Calu3,chr8,127290000,127670000,0.0522367699104343,0.0001859695110615,6.799749
Calu3,chr8,127290000,127725000,0.0505384732351957,0.0000580990736738784,6.6899757
Calu3,chr8,127290000,127730000,0.0626433311327438,0,7.301479
Calu3,chr8,127290000,127735000,0.21514569805632,0,12.553046
Calu3,chr8,127295000,127340000,0.271309647410303,0.0238327013729474,13.710861
Calu3,chr8,127295000,127355000,0.356669182949099,0,15.113141
Calu3,chr8,127295000,127365000,0.268875938867692,0,13.5287
Calu3,chr8,127295000,127370000,0.283273146778982,0,14.585568
Calu3,chr8,127295000,127375000,0.130213115237953,0.020389286407038,9.984262
Calu3,chr8,127295000,127385000,0.118881569203993,0.0099565010353731,9.686869
Calu3,chr8,127295000,127395000,0.285132003444908,0,14.74939
Calu3,chr8,127295000,127400000,0.549569581773846,0,21.071173
Calu3,chr8,127295000,127405000,0.145591493280509,0,10.636784
Calu3,chr8,127295000,127475000,0.167741375628313,0,11.202142
Calu3,chr8,127295000,127485000,0.0808955029549792,0.0000467555789048595,8.192349
Calu3,chr8,127295000,127490000,0.0658507970780702,0.0016465051206155,7.503125
Calu3,chr8,127295000,127495000,0.135220378786182,0,10.151206
Calu3,chr8,127295000,127500000,0.147802779337938,0,10.694623
Calu3,chr8,127295000,127505000,0.196934982202528,0,11.87294
Calu3,chr8,127295000,127510000,0.0923479095995623,0,8.667291
Calu3,chr8,127295000,127580000,0.0469551681527302,0.0043469900538654,6.5091333
Calu3,chr8,127295000,127585000,0.112121752957441,0,9.4035
Calu3,chr8,127295000,127635000,0.0484122841187418,0.0011125147975368,6.5799127
Calu3,chr8,127295000,127660000,0.15230500647808,0,10.725749
Calu3,chr8,127295000,127665000,0.368306737714573,0,15.437328
Calu3,chr8,127295000,127670000,0.0924917234792753,0,8.653858
Calu3,chr8,127295000,127675000,0.0379368713387497,0.0089008332445991,5.897365
Calu3,chr8,127295000,127680000,0.101214770151854,0,8.996501
Calu3,chr8,127295000,127705000,0.0391941059330993,0.0040089612415611,5.972859
Calu3,chr8,127295000,127720000,0.0794672521486564,0,8.089895
Calu3,chr8,127295000,127725000,0.0517825941285599,0.0000204379636610297,6.757264
Calu3,chr8,127295000,127730000,0.382803392736491,0,16.737856
Calu3,chr8,127295000,127735000,0.539300791705092,0,19.441603
Calu3,chr8,127295000,127740000,0.0769639372880613,0,7.9797387
Calu3,chr8,127295000,127745000,0.032325949077065,0.0178723442269039,5.443353
Calu3,chr8,127300000,127330000,0.540303884008057,0.0006198780064431,19.655249
Calu3,chr8,127300000,127335000,0.531258679611393,0,18.16886
Calu3,chr8,127300000,127340000,0.383682132386646,0,16.832418
Calu3,chr8,127300000,127350000,0.533361359702428,0,18.461096
Calu3,chr8,127300000,127365000,0.222428509579475,0.0000192498684224453,13.052975
Calu3,chr8,127300000,127370000,0.37937665910258,0,16.377687
Calu3,chr8,127300000,127390000,0.220712141062073,0,12.974864
Calu3,chr8,127300000,127395000,0.153434563766623,0.000019285189281936,10.757986
Calu3,chr8,127300000,127400000,0.379825820500664,0,16.417263
Calu3,chr8,127300000,127420000,0.0939828539119801,0.0037910915884575,8.754995
Calu3,chr8,127300000,127440000,0.0716255328696176,0.0223449446626761,7.8043346
Calu3,chr8,127300000,127450000,0.0774532073165522,0.0032020516176689,8.03323
Calu3,chr8,127300000,127475000,0.152523407315266,0,10.75089
Calu3,chr8,127300000,127495000,0.118588237557917,0,9.671435
Calu3,chr8,127300000,127505000,0.0716040797200056,0.0002034484146639,7.8039565
Calu3,chr8,127300000,127510000,0.0603254270694673,0.0026512660280422,7.209062
Calu3,chr8,127300000,127515000,0.216156094575781,0,12.628928
Calu3,chr8,127300000,127555000,0.0462304680481449,0.0133893120334469,6.468025
Calu3,chr8,127300000,127560000,0.0522101865103352,0.002640527069268,6.815957
Calu3,chr8,127300000,127580000,0.0384863972285563,0.0413306316938152,5.9554048
Calu3,chr8,127300000,127585000,0.0997749893258661,0,8.959067
Calu3,chr8,127300000,127600000,0.0375931563158019,0.0354239987913886,5.891712
Calu3,chr8,127300000,127610000,0.0393372038982504,0.0201072237798202,6.01335
Calu3,chr8,127300000,127665000,0.065428427863314,0,7.455528
Calu3,chr8,127300000,127670000,0.0734327169481951,0,7.8662653
Calu3,chr8,127300000,127680000,0.0885757022677246,0,8.480603
Calu3,chr8,127300000,127710000,0.059414320394778,0.0000104325906736292,7.144515
Calu3,chr8,127300000,127730000,0.0924338249035725,0,8.641115
Calu3,chr8,127300000,127735000,0.283524439695848,0,14.553586
Calu3,chr8,127305000,127340000,0.788937874785126,0,26.020414
Calu3,chr8,127305000,127345000,0.382926598554722,0.0000100342858747813,16.763584
Calu3,chr8,127305000,127365000,0.214989582893038,0.0004723614927891,12.585642
Calu3,chr8,127305000,127370000,0.206111933038432,0.000119739054972,12.133673
Calu3,chr8,127305000,127385000,0.134763834591041,0.0111145539196928,10.138069
Calu3,chr8,127305000,127390000,0.267231584931457,0,13.488701
Calu3,chr8,127305000,127395000,0.114873833694633,0.0176161481902405,9.49932
Calu3,chr8,127305000,127400000,0.142892551772481,0.0000795953117913381,10.501256
Calu3,chr8,127305000,127440000,0.0821302277096534,0.0054442650672638,8.243966
Calu3,chr8,127305000,127500000,0.0550336373694438,0.0173931713423137,6.9643865
Calu3,chr8,127305000,127505000,0.0786626881003688,0.0000195682707355243,8.081928
Calu3,chr8,127305000,127550000,0.0515747233804869,0.0048052788388058,6.786058
Calu3,chr8,127305000,127565000,0.0523409004732153,0.0025560125568322,6.825297
Calu3,chr8,127305000,127570000,0.0639594222193188,0.0001074218316539,7.4135065
Calu3,chr8,127305000,127655000,0.0563459165578309,0.0000747934745529059,7.015371
Calu3,chr8,127305000,127670000,0.0339914642765829,0.0315518278249811,5.606679
Calu3,chr8,127305000,127680000,0.0336726138940578,0.0290779041238668,5.5795827
Calu3,chr8,127305000,127705000,0.0396734181815778,0.0042251106974137,6.0195456
Calu3,chr8,127305000,127735000,0.0426493317673359,0.0009707924829994,6.1926155
Calu3,chr8,127310000,127340000,0.541366359406217,0.0005655872288809,19.848646
Calu3,chr8,127310000,127360000,0.282386225546177,0.0000456590304308334,14.49826
Calu3,chr8,127310000,127365000,0.21546209143998,0.0082089400210461,12.598498
Calu3,chr8,127310000,127370000,0.274092504949256,0,13.8913965
Calu3,chr8,127310000,127375000,0.226413417781443,0,13.115973
Calu3,chr8,127310000,127380000,0.207023911045966,0,12.16659
Calu3,chr8,127310000,127395000,0.220561706210105,0,12.96685
Calu3,chr8,127310000,127400000,0.122262091376304,0.0060801532269737,9.829387
Calu3,chr8,127310000,127445000,0.0957432922046699,0.0003992576257994,8.81193
Calu3,chr8,127310000,127475000,0.0692200154130087,0.0055915491924818,7.659793
Calu3,chr8,127310000,127485000,0.213157029821592,0,12.483921
Calu3,chr8,127310000,127505000,0.0703881227790301,0.0005620298503269,7.722448
Calu3,chr8,127310000,127520000,0.0623922003636594,0.0017565742493122,7.326373
Calu3,chr8,127310000,127575000,0.0782184161166682,0.000010166647525797,8.05378
Calu3,chr8,127310000,127610000,0.0848941104948506,0,8.346217
Calu3,chr8,127310000,127660000,0.0593534185712518,0.0000482342446598197,7.150695
Calu3,chr8,127310000,127665000,0.049469105058698,0.000527834061504,6.6398926
Calu3,chr8,127310000,127670000,0.0572528925811178,0.0000103449310013899,7.064567
Calu3,chr8,127310000,127675000,0.0565179854874601,0.0000201890484306679,7.0208645
Calu3,chr8,127310000,127715000,0.0317097006951133,0.0335004450151714,5.412496
Calu3,chr8,127325000,127370000,0.524792929826121,0,17.812603
Calu3,chr8,127325000,127395000,0.251238969135789,0,13.152108
Calu3,chr8,127325000,127520000,0.0614446540528776,0.0046305555687301,7.2695007
Calu3,chr8,127325000,127670000,0.0339413043527845,0.0423835966230237,5.6077814
Calu3,chr8,127325000,127720000,0.0369657976344711,0.0097126085548481,5.824809
Calu3,chr8,127330000,127360000,0.52277897412143,0.0034121632071542,17.707563
Calu3,chr8,127330000,127400000,0.163403540909413,0.004864369408433,11.004766
Calu3,chr8,127330000,127470000,0.0692797541901441,0.0332085537918871,7.6628532
Calu3,chr8,127330000,127495000,0.068844563181872,0.0060300818240009,7.6335745
Calu3,chr8,127330000,127620000,0.0439319235794604,0.008915340482445,6.3161836
Calu3,chr8,127335000,127365000,0.534528706186326,0.0010419202166479,18.601894
Calu3,chr8,127335000,127380000,0.286233624796867,0.0052375863296934,14.820443
Calu3,chr8,127335000,127475000,0.0671328273377931,0.0470087074702453,7.553339
Calu3,chr8,127335000,127490000,0.0640589455142863,0.0273319381128003,7.4280667
Calu3,chr8,127335000,127730000,0.0505128184939376,0.0002194608528726,6.6960196
Calu3,chr8,127340000,127360000,0.998288824755515,0,31.592613
Calu3,chr8,127340000,127370000,0.542723779499742,0.000496500444794,20.118055
Calu3,chr8,127340000,127375000,0.391703786251302,0.0302165882704025,17.37696
Calu3,chr8,127340000,127385000,0.380616728795277,0,16.54246
Calu3,chr8,127340000,127395000,0.204081675395014,0.0275519235281304,12.055713
Calu3,chr8,127340000,127400000,0.275021081863676,0,13.993648
Calu3,chr8,127340000,127445000,0.0947927302502035,0.0246648862844296,8.777942
Calu3,chr8,127340000,127560000,0.0552673799768016,0.0056582426902695,6.9771657
Calu3,chr8,127340000,127725000,0.0370659385326476,0.0102474248664691,5.8338666
Calu3,chr8,127340000,127730000,0.0474256649763849,0.0003803899316115,6.516179
Calu3,chr8,127345000,127365000,0.998065762418508,0,28.88466
Calu3,chr8,127345000,127370000,0.775776469535935,0,21.635166
Calu3,chr8,127345000,127385000,0.374302733643426,0.0000788152374882692,15.917309
Calu3,chr8,127345000,127400000,0.199930643243572,0.0429572141032378,11.9292145
Calu3,chr8,127345000,127645000,0.0453174241720492,0.0052188245573753,6.4178143
Calu3,chr8,127350000,127370000,0.998343357918354,0,32.54827
Calu3,chr8,127350000,127375000,0.777220007716821,0,21.737957
Calu3,chr8,127350000,127385000,0.386017192357114,0.0478451624438801,17.120733
Calu3,chr8,127350000,127395000,0.538619053543493,0,19.361086
Calu3,chr8,127350000,127415000,0.208401423588306,0.0000874088462649196,12.246871
Calu3,chr8,127350000,127430000,0.14138388489904,0.0043105643731069,10.415405
Calu3,chr8,127350000,127670000,0.0442682971348315,0.0045263034708875,6.3289547
Calu3,chr8,127355000,127495000,0.0767173090972555,0.0092432029290592,8.006514
Calu3,chr8,127355000,127560000,0.0757584748890834,0.0000811748619468237,7.9755993
Calu3,chr8,127355000,127620000,0.0400635574558154,0.0418963340726804,6.0726976
Calu3,chr8,127360000,127675000,0.0427257978914081,0.0073388982236123,6.2281675
Calu3,chr8,127360000,127725000,0.0353461455416999,0.022594263537806,5.709041
Calu3,chr8,127365000,127385000,0.998154733891763,0,29.723396
Calu3,chr8,127365000,127390000,0.77823180591798,0,21.842136
Calu3,chr8,127365000,127395000,0.535298500644924,0.0009323496139496,18.724464
Calu3,chr8,127365000,127505000,0.0681137786929568,0.040327459523149,7.590458
Calu3,chr8,127365000,127585000,0.056685999569164,0.0040731625836626,7.054164
Calu3,chr8,127365000,127700000,0.0521748414637322,0.0003139699816472,6.804359
Calu3,chr8,127365000,127730000,0.0321171530643068,0.049268113761418,5.4630637
Calu3,chr8,127365000,127735000,0.0330702846040626,0.0363303260441714,5.539082
Calu3,chr8,127370000,127390000,0.998437192345866,0,34.869827
Calu3,chr8,127370000,127395000,0.780434323262816,0,22.094053
Calu3,chr8,127370000,127400000,0.781015675524733,0,22.201061
Calu3,chr8,127370000,127465000,0.146838569471832,0.0000372324740586897,10.679206
Calu3,chr8,127370000,127485000,0.0979575828699522,0.0036200647255376,8.904222
Calu3,chr8,127370000,127610000,0.05483275423108,0.0026904984477867,6.9451466
Calu3,chr8,127370000,127635000,0.0609689130931931,0.0002136558814583,7.2368116
Calu3,chr8,127370000,127670000,0.0374540828650045,0.0366868947806635,5.878646
Calu3,chr8,127370000,127730000,0.0324784981518756,0.0486688663278464,5.489053
Calu3,chr8,127375000,127395000,0.997974911266874,0,28.38033
Calu3,chr8,127375000,127490000,0.0885801014444495,0.0171568950731694,8.508374
Calu3,chr8,127375000,127585000,0.089648563701519,0,8.5534935
Calu3,chr8,127375000,127730000,0.0361504417263601,0.0219181453347533,5.774955
Calu3,chr8,127380000,127490000,0.137172609238892,0,10.213832
Calu3,chr8,127380000,127500000,0.126455815133327,0.0000193473955391888,9.926144
Calu3,chr8,127380000,127600000,0.0491023697190547,0.021873337356643,6.640885
Calu3,chr8,127380000,127625000,0.0478077776037204,0.0119244708106339,6.563502
Calu3,chr8,127380000,127645000,0.101398429615415,0,9.0294695
Calu3,chr8,127380000,127650000,0.0552930996356549,0.0009684118890685,6.9721546
Calu3,chr8,127390000,127435000,0.282685621123479,0.0076212839248011,14.515071
Calu3,chr8,127390000,127455000,0.223151944999874,0.0000192498684224453,13.073841
Calu3,chr8,127390000,127465000,0.164384444875192,0.0006387191520607,11.035262
Calu3,chr8,127390000,127495000,0.0990981009638276,0.0128554614363676,8.939542
Calu3,chr8,127390000,127500000,0.161896428763849,0,10.935455
Calu3,chr8,127390000,127595000,0.0674899865598018,0.0006540999111871,7.5625715
Calu3,chr8,127390000,127625000,0.06400530986227,0.0003383351646901,7.4211793
Calu3,chr8,127390000,127665000,0.0966329762454179,0,8.843866
Calu3,chr8,127390000,127680000,0.0459639182814587,0.0054428231704069,6.4555044
Calu3,chr8,127390000,127730000,0.0336672201214134,0.0482604124261915,5.591034
Calu3,chr8,127395000,127450000,0.219182814132003,0.0054753244206112,12.900558
Calu3,chr8,127395000,127485000,0.155829661176762,0.000019285189281936,10.805078
Calu3,chr8,127395000,127495000,0.276246655195042,0,14.087395
Calu3,chr8,127395000,127505000,0.13319236409568,0.0000100409938910671,10.078942
Calu3,chr8,127395000,127510000,0.144356641275076,0,10.584711
Calu3,chr8,127395000,127520000,0.0814902421831879,0.0174550452701346,8.21997
Calu3,chr8,127395000,127525000,0.169600895616203,0,11.293523
Calu3,chr8,127395000,127555000,0.110364287957074,0,9.352795
Calu3,chr8,127395000,127675000,0.064287019727605,0.0000385160058216989,7.4270725
Calu3,chr8,127395000,127715000,0.121043731873136,0,9.759628
Calu3,chr8,127395000,127725000,0.0422314518973946,0.0062612341067443,6.189105
Calu3,chr8,127395000,127735000,0.0631371863676409,0,7.355036
Calu3,chr8,127400000,127450000,0.27961289803142,0.0000707215638449234,14.3194475
Calu3,chr8,127400000,127460000,0.217527619738869,0.0003576262878243,12.774541
Calu3,chr8,127400000,127470000,0.388268795640923,0,17.274132
Calu3,chr8,127400000,127475000,0.38993817971022,0,17.350204
Calu3,chr8,127400000,127490000,0.213441811668991,0,12.502657
Calu3,chr8,127400000,127495000,0.218038012751602,0,12.814565
Calu3,chr8,127400000,127505000,0.378421375646523,0,16.28577
Calu3,chr8,127400000,127510000,0.177951157937519,0,11.701129
Calu3,chr8,127400000,127520000,0.163786743347566,0,11.015629
Calu3,chr8,127400000,127560000,0.0939250379609169,0.0000549923952282348,8.7532015
Calu3,chr8,127400000,127570000,0.0793787902540271,0.0004084489823368,8.114927
Calu3,chr8,127400000,127585000,0.14062490301474,0,10.3868475
Calu3,chr8,127400000,127645000,0.06077242024991,0.0005821877848534,7.218919
Calu3,chr8,127400000,127650000,0.0413989551854491,0.044162934839961,6.160878
Calu3,chr8,127400000,127660000,0.0991760609352956,0,8.9363
Calu3,chr8,127400000,127665000,0.376233829911881,0,16.077269
Calu3,chr8,127400000,127670000,0.139377516065986,0,10.30011
Calu3,chr8,127400000,127675000,0.0698222777471112,0,7.677294
Calu3,chr8,127400000,127680000,0.0429176521931488,0.0150348501981393,6.2462955
Calu3,chr8,127400000,127700000,0.0402301054049141,0.0190898264783964,6.0829787
Calu3,chr8,127400000,127720000,0.061007993051928,0.000038809936721875,7.221647
Calu3,chr8,127400000,127725000,0.0709598282368473,0,7.7411184
Calu3,chr8,127400000,127730000,0.172629613781343,0,11.420775
Calu3,chr8,127400000,127735000,0.214671851087697,0,12.54467
Calu3,chr8,127400000,127740000,0.0398393910513334,0.0103488700403455,6.044023
Calu3,chr8,127405000,127430000,0.782844052651233,0,22.701635
Calu3,chr8,127405000,127445000,0.369470848853678,0.0001584743289575,15.522478
Calu3,chr8,127405000,127470000,0.218344068962879,0.0000192498684224453,12.834483
Calu3,chr8,127405000,127475000,0.370849973969516,0,15.669237
Calu3,chr8,127405000,127490000,0.142177819409091,0.0008213725475948,10.460175
Calu3,chr8,127405000,127495000,0.121247023188552,0.0070979159183283,9.788856
Calu3,chr8,127405000,127660000,0.0992964358748475,0,8.939212
Calu3,chr8,127405000,127670000,0.0756390290650243,0.000010166647525797,7.961769
Calu3,chr8,127405000,127690000,0.0388145674129817,0.034320293590513,5.97459
Calu3,chr8,127405000,127720000,0.0560704582372985,0.000224210736841,7.0050907
Calu3,chr8,127405000,127725000,0.0413014812751281,0.0097157148407148,6.143715
Calu3,chr8,127405000,127730000,0.0479444826376685,0.0014095422859373,6.55952
Calu3,chr8,127405000,127735000,0.0359267311823009,0.0321253796083198,5.7640224
Calu3,chr8,127410000,127470000,0.211956510842523,0.0006814368930535,12.420152
Calu3,chr8,127410000,127545000,0.0978347812781576,0.0002787480473584,8.897688
Calu3,chr8,127410000,127565000,0.068475016456696,0.0122754718339365,7.6115947
Calu3,chr8,127410000,127625000,0.0469378013475428,0.0417627397756718,6.5182734
Calu3,chr8,127410000,127655000,0.0464068113455848,0.0166400608435676,6.4810605
Calu3,chr8,127410000,127700000,0.037357635489258,0.042843011801746,5.873227
Calu3,chr8,127410000,127730000,0.0515189939486563,0.000495939515339,6.7709446
Calu3,chr8,127415000,127435000,0.99836322105289,0,32.897293
Calu3,chr8,127415000,127440000,0.997987745020161,0,28.424406
Calu3,chr8,127415000,127445000,0.543344709665401,0.0004761146812197,20.270592
Calu3,chr8,127415000,127450000,0.533751952589128,0,18.514874
Calu3,chr8,127415000,127460000,0.278763316228536,0.0116136666245178,14.235655
Calu3,chr8,127415000,127475000,0.210282909441443,0.0008509445251854,12.334185
Calu3,chr8,127415000,127495000,0.170554535776452,0.0000371528744981374,11.322203
Calu3,chr8,127415000,127575000,0.0918394876542124,0.0000549923952282348,8.645734
Calu3,chr8,127415000,127605000,0.0697808590528946,0.0008514209227986,7.688677
Calu3,chr8,127415000,127680000,0.0521766029902159,0.002218019734552,6.813411
Calu3,chr8,127415000,127690000,0.0458438052801078,0.0082719949529169,6.4497647
Calu3,chr8,127415000,127730000,0.0467540629161215,0.0025578342700988,6.491114
Calu3,chr8,127420000,127450000,0.537056554822438,0.0007819263784143,18.997557
Calu3,chr8,127420000,127455000,0.523629004237802,0,17.728796
Calu3,chr8,127420000,127460000,0.377243560362283,0.0000100342858747813,16.171791
Calu3,chr8,127420000,127470000,0.281257216632342,0.0000624000035645382,14.438581
Calu3,chr8,127420000,127495000,0.145915997450766,0.0099885917420351,10.649259
Calu3,chr8,127420000,127525000,0.103216293095752,0.0065490008303018,9.130752
Calu3,chr8,127420000,127545000,0.0848871132352324,0.0097780605122472,8.354506
Calu3,chr8,127420000,127630000,0.0804776212209484,0.0000101131796974124,8.175391
Calu3,chr8,127420000,127670000,0.0439425781395328,0.0253183516492096,6.322489
Calu3,chr8,127420000,127715000,0.0502601468182144,0.0016781256686297,6.707015
Calu3,chr8,127420000,127720000,0.0399813245660437,0.0203221394556337,6.062009
Calu3,chr8,127425000,127445000,0.99823158393994,0,30.793747
Calu3,chr8,127425000,127450000,0.773029483672846,0,21.44728
Calu3,chr8,127425000,127465000,0.383845231388324,0,16.860842
Calu3,chr8,127425000,127470000,0.368580534575585,0,15.476451
Calu3,chr8,127425000,127495000,0.147046829206996,0.0384734638708887,10.679705
Calu3,chr8,127425000,127500000,0.141631193741067,0.0172515415806125,10.422361
Calu3,chr8,127425000,127530000,0.100861464203699,0.0095025867738399,9.014667
Calu3,chr8,127425000,127670000,0.0423618445345322,0.040327459523149,6.212213
Calu3,chr8,127425000,127680000,0.0500761869270027,0.0051850784742946,6.697373
Calu3,chr8,127430000,127450000,0.998059413519949,0,28.84126
Calu3,chr8,127430000,127570000,0.089862080026561,0.0007454879322962,8.566952
Calu3,chr8,127430000,127665000,0.148846084076173,0,10.706867
Calu3,chr8,127435000,127455000,0.998090573942785,0,29.04978
Calu3,chr8,127435000,127460000,0.788565685856649,0,25.833687
Calu3,chr8,127435000,127465000,0.528659706465456,0.001889861998801,18.015465
Calu3,chr8,127435000,127495000,0.202268477851599,0.0026491174244088,11.985514
Calu3,chr8,127435000,127520000,0.116081400755803,0.0406010586481819,9.549983
Calu3,chr8,127435000,127560000,0.0961528153029119,0.0013131975640148,8.829016
Calu3,chr8,127435000,127570000,0.0987928882895989,0.0002008475480212,8.929323
Calu3,chr8,127435000,127645000,0.0497992662092277,0.0277294155354776,6.6891727
Calu3,chr8,127435000,127710000,0.162099958636505,0,10.937267
Calu3,chr8,127435000,127735000,0.0616706998482139,0.0000653444382232176,7.2650657
Calu3,chr8,127440000,127680000,0.0507223088394981,0.0071934541726491,6.7304688
Calu3,chr8,127445000,127475000,0.540770448362603,0.0005941934867801,19.768461
Calu3,chr8,127445000,127490000,0.383519572576172,0,16.812729
Calu3,chr8,127445000,127670000,0.0453346173733502,0.040764005685898,6.430771
Calu3,chr8,127445000,127685000,0.0837744393662438,0,8.307848
Calu3,chr8,127445000,127730000,0.0546103052711732,0.0006568876377396,6.92837
Calu3,chr8,127455000,127560000,0.200292682291197,0,11.944263
Calu3,chr8,127455000,127605000,0.0678431409614616,0.0199839656410379,7.5781183
Calu3,chr8,127465000,127675000,0.089335876895006,0,8.541953
Calu3,chr8,127470000,127495000,0.7803498944508,0,22.08456
Calu3,chr8,127470000,127590000,0.0883206835218297,0.0098141177076655,8.49586
Calu3,chr8,127470000,127660000,0.0531550104755235,0.0309076578993827,6.875347
Calu3,chr8,127475000,127495000,0.997925645809004,0,28.246302
Calu3,chr8,127475000,127630000,0.167029569623503,0,11.170838
Calu3,chr8,127475000,127665000,0.0615459131440067,0.0055681572999998,7.274677
Calu3,chr8,127475000,127670000,0.10126738361051,0,9.0299425
Calu3,chr8,127475000,127700000,0.0565254680644903,0.0033598038370894,7.042749
Calu3,chr8,127475000,127730000,0.0453174241720492,0.016628267187703,6.4240036
Calu3,chr8,127480000,127505000,0.787266916101774,0,25.18166
Calu3,chr8,127480000,127655000,0.0624962677187368,0.011175788459675,7.3371134
Calu3,chr8,127480000,127665000,0.0827417217397763,0.0000723562405431076,8.266983
Calu3,chr8,127480000,127730000,0.0527527939033586,0.0031466813463353,6.844006
Calu3,chr8,127490000,127605000,0.127376514718948,0,9.938341
Calu3,chr8,127490000,127725000,0.0447448866446821,0.0325199943540767,6.385045
Calu3,chr8,127495000,127635000,0.0747162327542734,0.0130014991897626,7.9365354
Calu3,chr8,127495000,127665000,0.0890707181781387,0.0000550818245892251,8.53276
Calu3,chr8,127495000,127670000,0.104974556349078,0,9.210071
Calu3,chr8,127495000,127725000,0.116485229533128,0,9.564796
Calu3,chr8,127495000,127730000,0.053387760910648,0.0043834953290755,6.8797565
Calu3,chr8,127500000,127635000,0.0794127143191703,0.0090580729875754,8.115473
Calu3,chr8,127500000,127665000,0.0620507108662668,0.0220217761169297,7.308885
Calu3,chr8,127500000,127675000,0.055594055920805,0.0410747343372168,7.0008774
Calu3,chr8,127500000,127695000,0.0541635313987996,0.0208451241133573,6.914897
Calu3,chr8,127500000,127705000,0.0531650256770576,0.0172582992498637,6.875634
Calu3,chr8,127500000,127725000,0.0450988496120516,0.0425497960995565,6.417344
Calu3,chr8,127500000,127730000,0.0758822243227434,0.0000101310525729448,7.97285
Calu3,chr8,127505000,127535000,0.513335218854173,0.0082799910701763,17.500511
Calu3,chr8,127505000,127540000,0.518284355242479,0,17.564596
Calu3,chr8,127505000,127550000,0.276876767622435,0.0141025164145228,14.129567
Calu3,chr8,127505000,127580000,0.166809527550633,0.0004084489823368,11.158999
Calu3,chr8,127505000,127590000,0.287217607288086,0,14.87244
Calu3,chr8,127505000,127615000,0.0957441302630954,0.0103927473712133,8.812074
Calu3,chr8,127505000,127625000,0.0986671592373385,0.0018343693078324,8.927194
Calu3,chr8,127505000,127645000,0.0696434708010484,0.0313392540880354,7.6757636
Calu3,chr8,127505000,127650000,0.0926247394692711,0.0001617010614725,8.692762
Calu3,chr8,127505000,127655000,0.120786925236691,0,9.76385
Calu3,chr8,127505000,127660000,0.111731428884476,0,9.402851
Calu3,chr8,127505000,127665000,0.167196402299117,0,11.175896
Calu3,chr8,127505000,127670000,0.0923554742648574,0.0000285632975156701,8.670291
Calu3,chr8,127505000,127720000,0.0561503575216309,0.0059376676374023,7.0245557
Calu3,chr8,127505000,127730000,0.0789865597783371,0,8.095688
Calu3,chr8,127505000,127735000,0.0767311098736451,0.0000101310525729448,8.003131
Calu3,chr8,127510000,127530000,0.998294418950627,0,31.706278
Calu3,chr8,127510000,127570000,0.205698707347595,0.0017055140293143,12.115507
Calu3,chr8,127510000,127575000,0.16722134064896,0.0198792995314409,11.176174
Calu3,chr8,127510000,127580000,0.168910144199556,0.002237650265724,11.245474
Calu3,chr8,127510000,127585000,0.261015742092236,0,13.2921095
Calu3,chr8,127510000,127670000,0.220785119340005,0,12.975156
Calu3,chr8,127510000,127685000,0.103477691542523,0,9.14693
Calu3,chr8,127510000,127705000,0.0823599216495128,0.0000195682707355243,8.255185
Calu3,chr8,127510000,127725000,0.0628027345147774,0.0013409215865997,7.3547177
Calu3,chr8,127515000,127540000,0.781721622047831,0,22.333382
Calu3,chr8,127515000,127545000,0.5470804032031,0.000369525826836,20.79428
Calu3,chr8,127515000,127550000,0.389631909286598,0.0360734499873792,17.346233
Calu3,chr8,127515000,127615000,0.132204021720261,0.0001123597262783,10.035052
Calu3,chr8,127515000,127640000,0.0793602524843976,0.0243845634773288,8.113607
Calu3,chr8,127515000,127690000,0.0589331731867139,0.0220394765907812,7.159665
Calu3,chr8,127515000,127730000,0.0640214804576028,0.0010317398942047,7.4239163
Calu3,chr8,127520000,127540000,0.998310700735938,0,31.938816
Calu3,chr8,127520000,127545000,0.78293730996526,0,22.78817
Calu3,chr8,127520000,127605000,0.145143943234874,0.0005361993176434,10.613703
Calu3,chr8,127520000,127665000,0.0976598814180831,0.0000633972906599065,8.890804
Calu3,chr8,127520000,127715000,0.0593243526379012,0.0069957954670142,7.168547
Calu3,chr8,127520000,127720000,0.099951019646985,0,8.971139
Calu3,chr8,127525000,127550000,0.765300400852893,0,21.35591
Calu3,chr8,127525000,127660000,0.0767724683965521,0.0144157964809008,8.007328
Calu3,chr8,127525000,127700000,0.0812062784712872,0.0001707761777534,8.207997
Calu3,chr8,127530000,127555000,0.997856659933812,0,28.155134
Calu3,chr8,127530000,127560000,0.533011211758695,0.0012101456006251,18.410412
Calu3,chr8,127530000,127610000,0.176381669973625,0.000019285189281936,11.633754
Calu3,chr8,127530000,127630000,0.10119154069459,0.0207126587533683,9.028969
Calu3,chr8,127530000,127710000,0.0567384306160833,0.025513107260028,7.059178
Calu3,chr8,127540000,127635000,0.114915381833554,0.0065516230179907,9.502428
Calu3,chr8,127540000,127645000,0.165092351584279,0,11.064001
Calu3,chr8,127540000,127670000,0.0774818194519168,0.0195194446119456,8.034128
Calu3,chr8,127545000,127575000,0.526787620420395,0.0023238903667802,17.908598
Calu3,chr8,127545000,127620000,0.138308228991463,0.0256755657603646,10.267285
Calu3,chr8,127545000,127625000,0.186892369321351,0,11.767104
Calu3,chr8,127545000,127705000,0.0665574386273693,0.012593933275857,7.5293484
Calu3,chr8,127550000,127715000,0.0710762773956979,0.0037389616168014,7.7688165
Calu3,chr8,127555000,127580000,0.779820366164795,0,22.013508
Calu3,chr8,127555000,127660000,0.136781257810913,0.0000100409938910671,10.202022
Calu3,chr8,127555000,127725000,0.056959507811071,0.0408585303189483,7.070045
Calu3,chr8,127560000,127580000,0.997898798330695,0,28.216398
Calu3,chr8,127560000,127585000,0.786538393708784,0,24.651241
Calu3,chr8,127560000,127590000,0.533943812486874,0.0010928885530376,18.547585
Calu3,chr8,127560000,127655000,0.104326800722051,0.0299106711266481,9.183702
Calu3,chr8,127560000,127660000,0.116091642481476,0.0020347743689581,9.551685
Calu3,chr8,127560000,127665000,0.208531979008045,0,12.248179
Calu3,chr8,127560000,127680000,0.212355246336493,0,12.4344225
Calu3,chr8,127560000,127700000,0.106404668145149,0.0000284687715224061,9.247109
Calu3,chr8,127560000,127720000,0.103541353328236,0,9.148391
Calu3,chr8,127560000,127725000,0.0772031199926771,0.0010823158182372,8.023466
Calu3,chr8,127565000,127625000,0.272410386188654,0,13.761913
Calu3,chr8,127565000,127630000,0.202453514639187,0.0002134560136369,11.98877
Calu3,chr8,127565000,127695000,0.0913551634545867,0.0016330545887127,8.625013
Calu3,chr8,127565000,127705000,0.0866924756720456,0.0013478584541795,8.422896
Calu3,chr8,127565000,127710000,0.0784681361367592,0.0038557043847832,8.075422
Calu3,chr8,127565000,127725000,0.0899616122088456,0.0001136563780397,8.576155
Calu3,chr8,127565000,127730000,0.0950910897409818,0.0000194723280004866,8.790322
Calu3,chr8,127570000,127600000,0.780497618956741,0,22.094427
Calu3,chr8,127570000,127615000,0.337200846879596,0,14.969009
Calu3,chr8,127570000,127730000,0.196938660576353,0,11.881805
Calu3,chr8,127575000,127615000,0.538390589287971,0,19.299326
Calu3,chr8,127575000,127630000,0.214643693266858,0.0090192440021283,12.574506
Calu3,chr8,127575000,127670000,0.114608275442479,0.0068079215810528,9.494403
Calu3,chr8,127575000,127710000,0.0853400906790645,0.0030023820134789,8.376887
Calu3,chr8,127580000,127660000,0.123440924611075,0.0470650342052684,9.863138
Calu3,chr8,127580000,127725000,0.0832255483260571,0.001466236898522,8.285088
Calu3,chr8,127580000,127730000,0.0903481852880255,0.0001215810743353,8.593082
Calu3,chr8,127585000,127625000,0.376247957552373,0.0000100342858747813,16.104881
Calu3,chr8,127585000,127645000,0.20464596473652,0.0019883946309449,12.08489
Calu3,chr8,127585000,127650000,0.358993860573772,0,15.163549
Calu3,chr8,127585000,127660000,0.220303161244112,0,12.953548
Calu3,chr8,127585000,127665000,0.538162488543417,0,19.245161
Calu3,chr8,127585000,127670000,0.256629168540864,0,13.224112
Calu3,chr8,127585000,127680000,0.164540454452765,0,11.037588
Calu3,chr8,127585000,127690000,0.160473579958616,0,10.883842
Calu3,chr8,127585000,127705000,0.218313884554516,0,12.823922
Calu3,chr8,127585000,127710000,0.0765811804921094,0.0376714421707275,7.9979515
Calu3,chr8,127585000,127720000,0.075770419367152,0.0170041439670472,7.9756837
Calu3,chr8,127585000,127725000,0.0968204349398527,0.000185279983566,8.860283
Calu3,chr8,127585000,127730000,0.116249512297295,0,9.559522
Calu3,chr8,127585000,127735000,0.117681071501758,0,9.625233
Calu3,chr8,127590000,127620000,0.546135497276997,0.0003989489208863,20.697157
Calu3,chr8,127590000,127650000,0.182015137883589,0.0278882500269017,11.754777
Calu3,chr8,127590000,127660000,0.153519611359226,0.0176127667363961,10.7588415
Calu3,chr8,127590000,127665000,0.140689784666085,0.0194425056601404,10.389907
Calu3,chr8,127590000,127715000,0.0760971732939093,0.040619341333858,7.9806995
Calu3,chr8,127590000,127720000,0.143017465074275,0,10.51067
Calu3,chr8,127590000,127725000,0.120718165129362,0,9.760482
Calu3,chr8,127590000,127730000,0.0952785895495642,0.0002557397098724,8.800013
Calu3,chr8,127595000,127620000,0.783836383988394,0,23.099281
Calu3,chr8,127595000,127625000,0.538939936084247,0.0006973375629414,19.387207
Calu3,chr8,127595000,127650000,0.208597022759031,0.0172582992498637,12.250047
Calu3,chr8,127595000,127710000,0.101050367183445,0.0021643520205565,9.022596
Calu3,chr8,127595000,127725000,0.116541486843333,0.0000100409938910671,9.58206
Calu3,chr8,127595000,127730000,0.161513109250624,0,10.912608
Calu3,chr8,127600000,127660000,0.221420757745052,0.0001826531747098,13.010202
Calu3,chr8,127600000,127670000,0.168934712502509,0.0022332289962437,11.246812
Calu3,chr8,127600000,127700000,0.113113350769424,0.0032712489360749,9.446508
Calu3,chr8,127600000,127725000,0.110953579172733,0.000088256299972429,9.367405
Calu3,chr8,127600000,127730000,0.0766067844882566,0.0226066319207383,8.00111
Calu3,chr8,127605000,127630000,0.784344120624076,0,23.459885
Calu3,chr8,127605000,127665000,0.211159408019252,0.0007344793304933,12.367543
Calu3,chr8,127605000,127670000,0.187230173258891,0.001587541501707,11.769588
Calu3,chr8,127605000,127705000,0.0951011967471414,0.0487272952865001,8.790457
Calu3,chr8,127605000,127715000,0.167184651436321,0,11.17353
Calu3,chr8,127615000,127660000,0.547415370386121,0,20.85243
Calu3,chr8,127615000,127730000,0.168396544384427,0,11.2209835
Calu3,chr8,127620000,127650000,0.543878053162381,0.0004698695810531,20.374298
Calu3,chr8,127625000,127650000,0.780918038018573,0,22.192644
Calu3,chr8,127630000,127655000,0.780562593132995,0,22.117556
Calu3,chr8,127630000,127660000,0.532902884497711,0.0012419159562684,18.403028
Calu3,chr8,127630000,127710000,0.134734816782728,0.0111730394624392,10.137259
Calu3,chr8,127635000,127660000,0.789902721367145,0,26.45205
Calu3,chr8,127635000,127665000,0.530776776668105,0.0015529536382716,18.138443
Calu3,chr8,127635000,127720000,0.143258459851982,0.0006841208100737,10.523845
Calu3,chr8,127640000,127660000,0.998313902740909,0,32.03352
Calu3,chr8,127645000,127680000,0.385647459206446,0.0492386957861767,17.07512
Calu3,chr8,127650000,127705000,0.216605254135738,0.0072918243244229,12.677351
Calu3,chr8,127650000,127730000,0.145538625740528,0.0023850517071074,10.631544
Calu3,chr8,127655000,127715000,0.201552344379536,0.0028643575747536,11.975724
Calu3,chr8,127660000,127715000,0.219482722221803,0.0052721615205924,12.916898
Calu3,chr8,127660000,127720000,0.202897393005209,0.0024482697663068,12.008258
Calu3,chr8,127660000,127725000,0.162463693722173,0.0336128253335085,10.97049
Calu3,chr8,127660000,127730000,0.349273898345135,0,14.992601
Calu3,chr8,127665000,127710000,0.27481130975291,0.017106476682152,13.97699
Calu3,chr8,127665000,127720000,0.280915614571386,0,14.4026785
Calu3,chr8,127665000,127730000,0.292805515062039,0,14.965743
Calu3,chr8,127665000,127735000,0.201820650531707,0,11.978435
Calu3,chr8,127670000,127690000,0.998133907115963,0,29.511986
Calu3,chr8,127670000,127700000,0.534854858014981,0.0009769877796501,18.653664
Calu3,chr8,127670000,127705000,0.541544524195553,0,19.870052
Calu3,chr8,127670000,127710000,0.364604557259391,0.0002662168548387,15.3083105
Calu3,chr8,127670000,127715000,0.280485615328686,0.0096533055054279,14.356483
Calu3,chr8,127670000,127725000,0.387136314320493,0,17.196857
Calu3,chr8,127670000,127730000,0.537221766012594,0,19.00876
Calu3,chr8,127675000,127710000,0.542649888275488,0,20.081966
Calu3,chr8,127675000,127720000,0.281315679674645,0.0087884509410051,14.443034
Calu3,chr8,127675000,127725000,0.259677108006006,0.0013701971675872,13.27025
Calu3,chr8,127680000,127705000,0.778925426890388,0,21.957405
Calu3,chr8,127680000,127710000,0.78864248985205,0,25.856041
Calu3,chr8,127680000,127725000,0.537510030533558,0,19.085184
Calu3,chr8,127680000,127730000,0.267692285552876,0.0004208519440451,13.506948
Calu3,chr8,127690000,127710000,0.998220995780562,0,30.59506
Calu3,chr8,127690000,127725000,0.53518577240709,0,18.711802
Calu3,chr8,127695000,127715000,0.99805680526417,0,28.811222
Calu3,chr8,127695000,127720000,0.783783675702945,0,23.096773